<?xml version="1.0" encoding="UTF-8"?>
<project-private xmlns="http://www.netbeans.org/ns/project-private/1">
    <editor-bookmarks xmlns="http://www.netbeans.org/ns/editor-bookmarks/2" lastBookmarkId="0"/>
    <open-files xmlns="http://www.netbeans.org/ns/projectui-open-files/2">
        <group>
            <file>file:/D:/Program%20file/StructureManager/src/Utils/PrepareForm.java</file>
            <file>file:/D:/Program%20file/StructureManager/src/Utils/SystemService.java</file>
            <file>file:/D:/Program%20file/StructureManager/src/structuremanager/StructureManager.java</file>
            <file>file:/D:/Program%20file/StructureManager/src/Utils/ComputerServices.java</file>
            <file>file:/D:/Program%20file/StructureManager/src/Utils/CRUDServices.java</file>
            <file>file:/D:/Program%20file/StructureManager/src/Utils/LearnerServiceMsg.java</file>
            <file>file:/D:/Program%20file/StructureManager/src/LearnerSystem/LearnerForm.java</file>
        </group>
    </open-files>
</project-private>
